{
  "custom": {},
  "params": {},
  "props": {},
  "root": {
    "children": [
      {
        "meta": {
          "name": "Label"
        },
        "position": {
          "height": 422,
          "width": 677,
          "x": 55,
          "y": 37
        },
        "props": {
          "style": {
            "backgroundColor": "#CCF3FF"
          }
        },
        "type": "ia.display.label"
      },
      {
        "meta": {
          "name": "Label_0"
        },
        "position": {
          "height": 66,
          "width": 673,
          "x": 58,
          "y": 36
        },
        "props": {
          "style": {
            "backgroundColor": "#0000AC"
          },
          "text": "SCADA NUBE PROYECTO APM",
          "textStyle": {
            "color": "#FFFFFF",
            "textAlign": "center"
          }
        },
        "type": "ia.display.label"
      },
      {
        "meta": {
          "name": "Image_0"
        },
        "position": {
          "height": 65,
          "rotate": {
            "anchor": "310% 218%"
          },
          "width": 63,
          "x": 651,
          "y": 37
        },
        "props": {
          "fit": {
            "mode": "fill"
          },
          "source": "/system/images/unal.png"
        },
        "type": "ia.display.image"
      },
      {
        "events": {
          "dom": {
            "onClick": {
              "config": {
                "params": {},
                "view": "control"
              },
              "scope": "C",
              "type": "nav"
            }
          }
        },
        "meta": {
          "name": "Button"
        },
        "position": {
          "height": 24,
          "width": 80,
          "x": 102,
          "y": 146
        },
        "props": {
          "style": {
            "backgroundColor": "#0000AC"
          },
          "text": "Operación"
        },
        "type": "ia.input.button"
      },
      {
        "events": {
          "dom": {
            "onClick": {
              "config": {
                "params": {},
                "view": "supervision"
              },
              "scope": "C",
              "type": "nav"
            }
          }
        },
        "meta": {
          "name": "Button_0"
        },
        "position": {
          "height": 23,
          "width": 87,
          "x": 101,
          "y": 197
        },
        "props": {
          "style": {
            "backgroundColor": "#0000AC"
          },
          "text": "Supervisión"
        },
        "type": "ia.input.button"
      },
      {
        "events": {
          "dom": {
            "onClick": {
              "config": {
                "params": {},
                "view": "historicos"
              },
              "scope": "C",
              "type": "nav"
            }
          }
        },
        "meta": {
          "name": "Button_3"
        },
        "position": {
          "height": 23,
          "width": 87,
          "x": 101,
          "y": 244
        },
        "props": {
          "style": {
            "backgroundColor": "#0000AC"
          },
          "text": "Historicos"
        },
        "type": "ia.input.button"
      },
      {
        "events": {
          "dom": {
            "onClick": {
              "config": {
                "params": {},
                "view": "alarmas"
              },
              "scope": "C",
              "type": "nav"
            }
          }
        },
        "meta": {
          "name": "Button_4"
        },
        "position": {
          "height": 23,
          "width": 87,
          "x": 100.5,
          "y": 295.5
        },
        "props": {
          "style": {
            "backgroundColor": "#0000AC"
          },
          "text": "Alarmas"
        },
        "type": "ia.input.button"
      },
      {
        "meta": {
          "name": "Image_1"
        },
        "position": {
          "height": 100,
          "width": 100,
          "x": 264,
          "y": 237
        },
        "type": "ia.display.image"
      },
      {
        "meta": {
          "name": "Image"
        },
        "position": {
          "height": 65,
          "width": 63,
          "x": 83,
          "y": 37
        },
        "props": {
          "fit": {
            "mode": "fill"
          },
          "source": "/system/images/empaquetatelogo.png"
        },
        "type": "ia.display.image"
      },
      {
        "meta": {
          "name": "AlarmStatusTable"
        },
        "position": {
          "height": 330,
          "width": 487,
          "x": 219,
          "y": 114
        },
        "type": "ia.display.alarmstatustable"
      }
    ],
    "meta": {
      "name": "root"
    },
    "type": "ia.container.coord"
  }
}