{
  "custom": {},
  "params": {},
  "props": {},
  "root": {
    "children": [
      {
        "meta": {
          "name": "Label"
        },
        "position": {
          "height": 332,
          "width": 544,
          "x": 79,
          "y": 37
        },
        "props": {
          "style": {
            "backgroundColor": "#CCF3FF"
          }
        },
        "type": "ia.display.label"
      },
      {
        "meta": {
          "name": "Label_0"
        },
        "position": {
          "height": 66,
          "width": 544,
          "x": 79,
          "y": 36
        },
        "props": {
          "style": {
            "backgroundColor": "#0000AC"
          },
          "text": "SCADA NUBE PROYECTO APM",
          "textStyle": {
            "color": "#FFFFFF",
            "textAlign": "center"
          }
        },
        "type": "ia.display.label"
      },
      {
        "meta": {
          "name": "Image"
        },
        "position": {
          "height": 65,
          "width": 63,
          "x": 83,
          "y": 37
        },
        "props": {
          "fit": {
            "mode": "fill"
          },
          "source": "/system/images/empaquetatelogo.png"
        },
        "type": "ia.display.image"
      },
      {
        "meta": {
          "name": "Image_0"
        },
        "position": {
          "height": 65,
          "rotate": {
            "anchor": "310% 218%"
          },
          "width": 63,
          "x": 553,
          "y": 35
        },
        "props": {
          "fit": {
            "mode": "fill"
          },
          "source": "/system/images/unal.png"
        },
        "type": "ia.display.image"
      },
      {
        "events": {
          "dom": {
            "onClick": {
              "config": {
                "params": {},
                "view": "control"
              },
              "scope": "C",
              "type": "nav"
            }
          }
        },
        "meta": {
          "name": "Button"
        },
        "position": {
          "height": 24,
          "width": 80,
          "x": 98,
          "y": 142
        },
        "props": {
          "style": {
            "backgroundColor": "#0000AC"
          },
          "text": "Operación"
        },
        "type": "ia.input.button"
      },
      {
        "events": {
          "dom": {
            "onClick": {
              "config": {
                "params": {},
                "view": "supervision"
              },
              "scope": "C",
              "type": "nav"
            }
          }
        },
        "meta": {
          "name": "Button_0"
        },
        "position": {
          "height": 23,
          "width": 87,
          "x": 99,
          "y": 197
        },
        "props": {
          "style": {
            "backgroundColor": "#0000AC"
          },
          "text": "Supervisión"
        },
        "type": "ia.input.button"
      },
      {
        "events": {
          "dom": {
            "onClick": {
              "config": {
                "params": {},
                "view": "historicos"
              },
              "scope": "C",
              "type": "nav"
            }
          }
        },
        "meta": {
          "name": "Button_3"
        },
        "position": {
          "height": 23,
          "width": 87,
          "x": 101,
          "y": 244
        },
        "props": {
          "style": {
            "backgroundColor": "#0000AC"
          },
          "text": "Historicos"
        },
        "type": "ia.input.button"
      },
      {
        "events": {
          "dom": {
            "onClick": {
              "config": {
                "params": {},
                "view": "alarmas"
              },
              "scope": "C",
              "type": "nav"
            }
          }
        },
        "meta": {
          "name": "Button_4"
        },
        "position": {
          "height": 23,
          "width": 87,
          "x": 100.5,
          "y": 295.5
        },
        "props": {
          "style": {
            "backgroundColor": "#0000AC"
          },
          "text": "Alarmas"
        },
        "type": "ia.input.button"
      },
      {
        "meta": {
          "name": "Motor_0"
        },
        "position": {
          "height": 75,
          "width": 92,
          "x": 359,
          "y": 138.5
        },
        "propConfig": {
          "props.label.style.backgroundColor": {
            "binding": {
              "config": {
                "fallbackDelay": 2.5,
                "mode": "direct",
                "tagPath": "[default]APM/Banda2"
              },
              "transforms": [
                {
                  "fallback": "#D5D5D5",
                  "inputType": "scalar",
                  "mappings": [
                    {
                      "input": true,
                      "output": "#008000"
                    },
                    {
                      "input": false,
                      "output": "#FF0000"
                    }
                  ],
                  "outputType": "color",
                  "type": "map"
                }
              ],
              "type": "tag"
            }
          },
          "props.state": {
            "binding": {
              "config": {
                "fallbackDelay": 2.5,
                "mode": "direct",
                "tagPath": "[default]APM/Banda2"
              },
              "transforms": [
                {
                  "fallback": null,
                  "inputType": "scalar",
                  "mappings": [
                    {
                      "input": true,
                      "output": "running"
                    },
                    {
                      "input": false,
                      "output": "stopped"
                    }
                  ],
                  "outputType": "scalar",
                  "type": "map"
                }
              ],
              "type": "tag"
            }
          }
        },
        "props": {
          "label": {
            "text": "Banda Enfiladora"
          },
          "value": {
            "text": ""
          }
        },
        "type": "ia.symbol.motor"
      },
      {
        "meta": {
          "name": "Motor_1"
        },
        "position": {
          "height": 75,
          "rotate": {
            "anchor": "50% -33%"
          },
          "width": 92,
          "x": 235,
          "y": 139
        },
        "propConfig": {
          "props.label.style.backgroundColor": {
            "binding": {
              "config": {
                "fallbackDelay": 2.5,
                "mode": "direct",
                "tagPath": "[default]APM/Banda1"
              },
              "transforms": [
                {
                  "fallback": "#D5D5D5",
                  "inputType": "scalar",
                  "mappings": [
                    {
                      "input": true,
                      "output": "#008000"
                    },
                    {
                      "input": false,
                      "output": "#FF0000"
                    }
                  ],
                  "outputType": "color",
                  "type": "map"
                }
              ],
              "type": "tag"
            }
          },
          "props.state": {
            "binding": {
              "config": {
                "fallbackDelay": 2.5,
                "mode": "direct",
                "tagPath": "[default]APM/Banda1"
              },
              "transforms": [
                {
                  "fallback": null,
                  "inputType": "scalar",
                  "mappings": [
                    {
                      "input": true,
                      "output": "running"
                    },
                    {
                      "input": false,
                      "output": "stopped"
                    }
                  ],
                  "outputType": "scalar",
                  "type": "map"
                }
              ],
              "type": "tag"
            }
          }
        },
        "props": {
          "label": {
            "text": "Banda Entrada"
          },
          "value": {
            "text": ""
          }
        },
        "type": "ia.symbol.motor"
      },
      {
        "meta": {
          "name": "Motor_2"
        },
        "position": {
          "height": 75,
          "width": 92,
          "x": 487,
          "y": 139.5
        },
        "propConfig": {
          "props.label.style.backgroundColor": {
            "binding": {
              "config": {
                "fallbackDelay": 2.5,
                "mode": "direct",
                "tagPath": "[default]APM/Banda3"
              },
              "transforms": [
                {
                  "fallback": "#D5D5D5",
                  "inputType": "scalar",
                  "mappings": [
                    {
                      "input": true,
                      "output": "#008000"
                    },
                    {
                      "input": false,
                      "output": "#FF0000"
                    }
                  ],
                  "outputType": "color",
                  "type": "map"
                }
              ],
              "type": "tag"
            }
          },
          "props.state": {
            "binding": {
              "config": {
                "fallbackDelay": 2.5,
                "mode": "direct",
                "tagPath": "[default]APM/Banda3"
              },
              "transforms": [
                {
                  "fallback": null,
                  "inputType": "scalar",
                  "mappings": [
                    {
                      "input": true,
                      "output": "running"
                    },
                    {
                      "input": false,
                      "output": "stopped"
                    }
                  ],
                  "outputType": "scalar",
                  "type": "map"
                }
              ],
              "type": "tag"
            }
          }
        },
        "props": {
          "label": {
            "text": "Banda Selección"
          },
          "value": {
            "text": ""
          }
        },
        "type": "ia.symbol.motor"
      },
      {
        "meta": {
          "name": "Valve"
        },
        "position": {
          "height": 100,
          "width": 100,
          "x": 227,
          "y": 236
        },
        "propConfig": {
          "props.label.style.backgroundColor": {
            "binding": {
              "config": {
                "fallbackDelay": 2.5,
                "mode": "direct",
                "tagPath": "[default]APM/C1"
              },
              "transforms": [
                {
                  "fallback": "#D5D5D5",
                  "inputType": "scalar",
                  "mappings": [
                    {
                      "input": true,
                      "output": "#008000"
                    },
                    {
                      "input": false,
                      "output": "#FF0000"
                    }
                  ],
                  "outputType": "color",
                  "type": "map"
                }
              ],
              "type": "tag"
            }
          }
        },
        "props": {
          "label": {
            "text": "Cilindro 1"
          },
          "value": {
            "text": ""
          }
        },
        "type": "ia.symbol.valve"
      },
      {
        "meta": {
          "name": "Valve_0"
        },
        "position": {
          "height": 100,
          "width": 100,
          "x": 355,
          "y": 236
        },
        "propConfig": {
          "props.label.style.backgroundColor": {
            "binding": {
              "config": {
                "fallbackDelay": 2.5,
                "mode": "direct",
                "tagPath": "[default]APM/C2"
              },
              "transforms": [
                {
                  "fallback": "#D5D5D5",
                  "inputType": "scalar",
                  "mappings": [
                    {
                      "input": true,
                      "output": "#008000"
                    },
                    {
                      "input": false,
                      "output": "#FF0000"
                    }
                  ],
                  "outputType": "color",
                  "type": "map"
                }
              ],
              "type": "tag"
            }
          }
        },
        "props": {
          "label": {
            "text": "Cilindro 2"
          },
          "value": {
            "text": ""
          }
        },
        "type": "ia.symbol.valve"
      },
      {
        "meta": {
          "name": "Motor_3"
        },
        "position": {
          "height": 75,
          "width": 92,
          "x": 487,
          "y": 260
        },
        "propConfig": {
          "props.label.style.backgroundColor": {
            "binding": {
              "config": {
                "fallbackDelay": 2.5,
                "mode": "direct",
                "tagPath": "[default]APM/Secador"
              },
              "transforms": [
                {
                  "fallback": "#D5D5D5",
                  "inputType": "scalar",
                  "mappings": [
                    {
                      "input": true,
                      "output": "#008000"
                    },
                    {
                      "input": false,
                      "output": "#FF0000"
                    }
                  ],
                  "outputType": "color",
                  "type": "map"
                }
              ],
              "type": "tag"
            }
          },
          "props.state": {
            "binding": {
              "config": {
                "fallbackDelay": 2.5,
                "mode": "direct",
                "tagPath": "[default]APM/Secador"
              },
              "transforms": [
                {
                  "fallback": null,
                  "inputType": "scalar",
                  "mappings": [
                    {
                      "input": true,
                      "output": "running"
                    },
                    {
                      "input": false,
                      "output": "stopped"
                    }
                  ],
                  "outputType": "scalar",
                  "type": "map"
                }
              ],
              "type": "tag"
            }
          }
        },
        "props": {
          "label": {
            "text": "Secador"
          },
          "value": {
            "text": ""
          }
        },
        "type": "ia.symbol.motor"
      }
    ],
    "meta": {
      "name": "root"
    },
    "position": {
      "x": -12,
      "y": -18
    },
    "type": "ia.container.coord"
  }
}