{
  "custom": {},
  "params": {},
  "props": {},
  "root": {
    "children": [
      {
        "meta": {
          "name": "Label"
        },
        "position": {
          "height": 332,
          "width": 542,
          "x": 79,
          "y": 37
        },
        "props": {
          "style": {
            "backgroundColor": "#CCF3FF"
          }
        },
        "type": "ia.display.label"
      },
      {
        "meta": {
          "name": "Label_0"
        },
        "position": {
          "height": 66,
          "width": 542,
          "x": 79,
          "y": 36
        },
        "props": {
          "style": {
            "backgroundColor": "#0000AC"
          },
          "text": "SCADA NUBE PROYECTO APM",
          "textStyle": {
            "color": "#FFFFFF",
            "textAlign": "center"
          }
        },
        "type": "ia.display.label"
      },
      {
        "meta": {
          "name": "Image"
        },
        "position": {
          "height": 65,
          "width": 63,
          "x": 83,
          "y": 37
        },
        "props": {
          "fit": {
            "mode": "fill"
          },
          "source": "/system/images/empaquetatelogo.png"
        },
        "type": "ia.display.image"
      },
      {
        "meta": {
          "name": "Image_0"
        },
        "position": {
          "height": 65,
          "rotate": {
            "anchor": "310% 218%"
          },
          "width": 63,
          "x": 553,
          "y": 35
        },
        "props": {
          "fit": {
            "mode": "fill"
          },
          "source": "/system/images/unal.png"
        },
        "type": "ia.display.image"
      },
      {
        "events": {
          "dom": {
            "onClick": {
              "config": {
                "params": {},
                "view": "control"
              },
              "scope": "C",
              "type": "nav"
            }
          }
        },
        "meta": {
          "name": "Button"
        },
        "position": {
          "height": 24,
          "width": 80,
          "x": 98,
          "y": 142
        },
        "props": {
          "style": {
            "backgroundColor": "#0000AC"
          },
          "text": "Operación"
        },
        "type": "ia.input.button"
      },
      {
        "events": {
          "dom": {
            "onClick": {
              "config": {
                "params": {},
                "view": "supervision"
              },
              "scope": "C",
              "type": "nav"
            }
          }
        },
        "meta": {
          "name": "Button_0"
        },
        "position": {
          "height": 23,
          "width": 87,
          "x": 99,
          "y": 197
        },
        "props": {
          "style": {
            "backgroundColor": "#0000AC"
          },
          "text": "Supervisión"
        },
        "type": "ia.input.button"
      },
      {
        "events": {
          "dom": {
            "onClick": {
              "config": {
                "params": {},
                "view": "historicos"
              },
              "scope": "C",
              "type": "nav"
            }
          }
        },
        "meta": {
          "name": "Button_3"
        },
        "position": {
          "height": 23,
          "width": 87,
          "x": 101,
          "y": 244
        },
        "props": {
          "style": {
            "backgroundColor": "#0000AC"
          },
          "text": "Historicos"
        },
        "type": "ia.input.button"
      },
      {
        "events": {
          "dom": {
            "onClick": {
              "config": {
                "params": {},
                "view": "alarmas"
              },
              "scope": "C",
              "type": "nav"
            }
          }
        },
        "meta": {
          "name": "Button_4"
        },
        "position": {
          "height": 23,
          "width": 87,
          "x": 100.5,
          "y": 295.5
        },
        "props": {
          "style": {
            "backgroundColor": "#0000AC"
          },
          "text": "Alarmas"
        },
        "type": "ia.input.button"
      },
      {
        "meta": {
          "name": "TimeSeriesChart"
        },
        "position": {
          "height": 157,
          "width": 358,
          "x": 241,
          "y": 87.5
        },
        "propConfig": {
          "props.series[0].data": {
            "binding": {
              "config": {
                "aggregate": "MinMax",
                "avoidScanClassValidation": true,
                "dateRange": {
                  "mostRecent": "5",
                  "mostRecentUnits": "MIN"
                },
                "enableValueCache": true,
                "ignoreBadQuality": false,
                "polling": {
                  "enabled": true,
                  "rate": "3"
                },
                "preventInterpolation": false,
                "returnFormat": "Wide",
                "returnSize": {
                  "delay": "5",
                  "delayUnits": "SEC",
                  "type": "INTERVAL"
                },
                "tags": [
                  {
                    "path": "[default]APM/SSec"
                  }
                ],
                "valueFormat": "DATASET"
              },
              "type": "tag-history"
            }
          }
        },
        "props": {
          "series": [
            {
              "name": "Boiler"
            }
          ],
          "timeAxis": {
            "color": "#0000AC",
            "tick": {
              "color": "#0000AC"
            }
          },
          "title": {
            "font": {
              "color": "#0000AC"
            },
            "text": "Sensor de secador",
            "visible": true
          },
          "xTrace": {
            "infoBox": {
              "fill": {
                "color": "#0000AC"
              },
              "stroke": {
                "color": "#0000AC"
              }
            },
            "line": {
              "color": "#0000AC"
            }
          }
        },
        "type": "ia.chart.timeseries"
      },
      {
        "meta": {
          "name": "TimeSeriesChart_0"
        },
        "position": {
          "height": 157,
          "width": 358,
          "x": 226.5,
          "y": 219.5
        },
        "propConfig": {
          "props.series[0].data": {
            "binding": {
              "config": {
                "aggregate": "MinMax",
                "avoidScanClassValidation": true,
                "dateRange": {
                  "mostRecent": "5",
                  "mostRecentUnits": "MIN"
                },
                "enableValueCache": true,
                "ignoreBadQuality": false,
                "polling": {
                  "enabled": true,
                  "rate": "3"
                },
                "preventInterpolation": false,
                "returnFormat": "Wide",
                "returnSize": {
                  "delay": "5",
                  "delayUnits": "SEC",
                  "type": "INTERVAL"
                },
                "tags": [
                  {
                    "path": "[default]APM/SP"
                  }
                ],
                "valueFormat": "DATASET"
              },
              "type": "tag-history"
            }
          }
        },
        "props": {
          "series": [
            {
              "name": "Boiler"
            }
          ],
          "timeAxis": {
            "color": "#0000AC",
            "tick": {
              "color": "#0000AC"
            }
          },
          "title": {
            "font": {
              "color": "#0000AC"
            },
            "text": "Sensor de peso",
            "visible": true
          },
          "xTrace": {
            "infoBox": {
              "fill": {
                "color": "#0000AC"
              },
              "stroke": {
                "color": "#0000AC"
              }
            },
            "line": {
              "color": "#0000AC"
            }
          }
        },
        "type": "ia.chart.timeseries"
      }
    ],
    "meta": {
      "name": "root"
    },
    "type": "ia.container.coord"
  }
}