{
  "custom": {},
  "params": {},
  "props": {},
  "root": {
    "children": [
      {
        "meta": {
          "name": "Label"
        },
        "position": {
          "height": 332,
          "width": 543,
          "x": 79,
          "y": 37
        },
        "props": {
          "style": {
            "backgroundColor": "#CCF3FF"
          }
        },
        "type": "ia.display.label"
      },
      {
        "meta": {
          "name": "Label_0"
        },
        "position": {
          "height": 66,
          "width": 542,
          "x": 79,
          "y": 36
        },
        "props": {
          "style": {
            "backgroundColor": "#0000AC"
          },
          "text": "SCADA NUBE PROYECTO APM",
          "textStyle": {
            "color": "#FFFFFF",
            "textAlign": "center"
          }
        },
        "type": "ia.display.label"
      },
      {
        "meta": {
          "name": "Image"
        },
        "position": {
          "height": 65,
          "width": 63,
          "x": 83,
          "y": 37
        },
        "props": {
          "fit": {
            "mode": "fill"
          },
          "source": "/system/images/empaquetatelogo.png"
        },
        "type": "ia.display.image"
      },
      {
        "meta": {
          "name": "Image_0"
        },
        "position": {
          "height": 65,
          "rotate": {
            "anchor": "310% 218%"
          },
          "width": 63,
          "x": 552,
          "y": 35
        },
        "props": {
          "fit": {
            "mode": "fill"
          },
          "source": "/system/images/unal.png"
        },
        "type": "ia.display.image"
      },
      {
        "events": {
          "dom": {
            "onClick": {
              "config": {
                "params": {},
                "view": "control"
              },
              "scope": "C",
              "type": "nav"
            }
          }
        },
        "meta": {
          "name": "Button"
        },
        "position": {
          "height": 24,
          "width": 80,
          "x": 98,
          "y": 142
        },
        "props": {
          "style": {
            "backgroundColor": "#0000AC"
          },
          "text": "Operación"
        },
        "type": "ia.input.button"
      },
      {
        "events": {
          "dom": {
            "onClick": {
              "config": {
                "params": {},
                "view": "supervision"
              },
              "scope": "C",
              "type": "nav"
            }
          }
        },
        "meta": {
          "name": "Button_0"
        },
        "position": {
          "height": 23,
          "width": 87,
          "x": 99,
          "y": 197
        },
        "props": {
          "style": {
            "backgroundColor": "#0000AC"
          },
          "text": "Supervisión"
        },
        "type": "ia.input.button"
      },
      {
        "events": {
          "dom": {
            "onClick": {
              "config": {
                "script": "\timport time\n\tsystem.tag.write(\"[default]APM/Inicio\",1)\n\ttime.sleep(1)\n\tsystem.tag.write(\"[default]APM/Inicio\",0)"
              },
              "scope": "G",
              "type": "script"
            }
          }
        },
        "meta": {
          "name": "Button_1"
        },
        "position": {
          "height": 45,
          "width": 80,
          "x": 262,
          "y": 137
        },
        "props": {
          "style": {
            "backgroundColor": "#2EAC00"
          },
          "text": "Inicio"
        },
        "type": "ia.input.button"
      },
      {
        "events": {
          "dom": {
            "onClick": {
              "config": {
                "script": "\timport time\n\tsystem.tag.write(\"[default]APM/Stop\",0)\n\ttime.sleep(1)\n\tsystem.tag.write(\"[default]APM/Stop\",1)\n"
              },
              "scope": "G",
              "type": "script"
            }
          }
        },
        "meta": {
          "name": "Button_2"
        },
        "position": {
          "height": 45,
          "width": 80,
          "x": 406,
          "y": 136
        },
        "props": {
          "style": {
            "backgroundColor": "#FF0000"
          },
          "text": "Parada"
        },
        "type": "ia.input.button"
      },
      {
        "events": {
          "dom": {
            "onClick": {
              "config": {
                "params": {},
                "view": "historicos"
              },
              "scope": "C",
              "type": "nav"
            }
          }
        },
        "meta": {
          "name": "Button_3"
        },
        "position": {
          "height": 23,
          "width": 87,
          "x": 101,
          "y": 244
        },
        "props": {
          "style": {
            "backgroundColor": "#0000AC"
          },
          "text": "Historicos"
        },
        "type": "ia.input.button"
      },
      {
        "events": {
          "dom": {
            "onClick": {
              "config": {
                "params": {},
                "view": "alarmas"
              },
              "scope": "C",
              "type": "nav"
            }
          }
        },
        "meta": {
          "name": "Button_4"
        },
        "position": {
          "height": 23,
          "width": 87,
          "x": 100.5,
          "y": 295.5
        },
        "props": {
          "style": {
            "backgroundColor": "#0000AC"
          },
          "text": "Alarmas"
        },
        "type": "ia.input.button"
      },
      {
        "meta": {
          "name": "Button_6"
        },
        "position": {
          "height": 24,
          "width": 80,
          "x": 462,
          "y": 202.5
        },
        "props": {
          "style": {
            "backgroundColor": "#4747FF"
          },
          "text": "Robot"
        },
        "type": "ia.input.button"
      },
      {
        "meta": {
          "name": "Image_2"
        },
        "position": {
          "height": 109,
          "rotate": {
            "anchor": "50% 75%"
          },
          "width": 96,
          "x": 454,
          "y": 243.5
        },
        "props": {
          "fit": {
            "mode": "cover"
          },
          "source": "/system/images/irb460.jpg"
        },
        "type": "ia.display.image"
      },
      {
        "meta": {
          "name": "Image_1"
        },
        "position": {
          "height": 108,
          "width": 219,
          "x": 208,
          "y": 245.5
        },
        "props": {
          "fit": {
            "mode": "cover"
          },
          "source": "/system/images/PF1.PNG"
        },
        "type": "ia.display.image"
      },
      {
        "meta": {
          "name": "Button_7"
        },
        "position": {
          "height": 24,
          "width": 80,
          "x": 265.5,
          "y": 205
        },
        "propConfig": {
          "props.style.backgroundColor": {
            "binding": {
              "config": {
                "fallbackDelay": 2.5,
                "mode": "direct",
                "tagPath": "[default]APM/Banda2"
              },
              "transforms": [
                {
                  "fallback": "#4747FF",
                  "inputType": "scalar",
                  "mappings": [
                    {
                      "input": true,
                      "output": "#00AC00"
                    },
                    {
                      "input": null,
                      "output": "#FF0000"
                    }
                  ],
                  "outputType": "color",
                  "type": "map"
                }
              ],
              "type": "tag"
            }
          }
        },
        "props": {
          "text": "Planta"
        },
        "type": "ia.input.button"
      }
    ],
    "meta": {
      "name": "root"
    },
    "type": "ia.container.coord"
  }
}